{"epoch": 50, "train_loss": 0.006788125042230748, "train_accuracy": 0.99900149775337, "test_accuracy": 0.8437343984023964, "_timestamp": 1701653750.8720238, "_runtime": 2229.964644908905, "_step": 24}